area,ai_emp,total_emp,ai_per_1000
"San Jose-Sunnyvale-Santa Clara, CA",8760.0,1134660.0,7.72037438527841
"Lexington Park, MD",500.0,71670.0,6.976419701409236
"Durham-Chapel Hill, NC",1620.0,342530.0,4.7295127434093365
"San Francisco-Oakland-Fremont, CA",11210.0,2405740.0,4.659688910688603
"Bloomington, IL",390.0,90160.0,4.32564330079858
"Huntsville, AL",1120.0,260190.0,4.304546677428033
"Sierra Vista-Douglas, AZ",140.0,34120.0,4.103165298944901
"Ogden, UT",1080.0,270300.0,3.9955604883462823
"Seattle-Tacoma-Bellevue, WA",8170.0,2082610.0,3.9229620524246016
"Boulder, CO",740.0,195570.0,3.7838114230198907
"Washington-Arlington-Alexandria, DC-VA-MD-WV",11680.0,3118630.0,3.745234285567701
"Boston-Cambridge-Newton, MA-NH",9740.0,2707940.0,3.5968300627044916
"Idaho Falls, ID",280.0,81000.0,3.4567901234567904
"Des Moines-West Des Moines, IA",1320.0,405130.0,3.25821341297855
"Ithaca, NY",150.0,48030.0,3.123048094940662
"Denver-Aurora-Centennial, CO",4940.0,1618390.0,3.0524162902637806
"Provo-Orem-Lehi, UT",910.0,298460.0,3.0489847885813846
"Charlotte-Concord-Gastonia, NC-SC",3990.0,1340800.0,2.9758353221957043
"Austin-Round Rock-San Marcos, TX",3440.0,1260220.0,2.729682118995096
"San Diego-Chula Vista-Carlsbad, CA",4120.0,1533290.0,2.687032459612989
"Raleigh-Cary, NC",1940.0,723590.0,2.681076300114706
"Oxnard-Thousand Oaks-Ventura, CA",830.0,320180.0,2.5922918358423384
"Sacramento-Roseville-Folsom, CA",2660.0,1066390.0,2.4943969842177816
"Omaha, NE-IA",1190.0,491140.0,2.4229343975241275
"Providence-Warwick, RI-MA",1710.0,706440.0,2.420587735688806
"Dallas-Fort Worth-Arlington, TX",9500.0,4003820.0,2.372734038992762
"Sioux Falls, SD-MN",410.0,174730.0,2.346477422308705
"New York-Newark-Jersey City, NY-NJ",21240.0,9363020.0,2.2684988390497938
"Portland-Vancouver-Hillsboro, OR-WA",2740.0,1213760.0,2.257447930398102
"Utica-Rome, NY",260.0,117260.0,2.2172949002217295
"Charleston-North Charleston, SC",860.0,388220.0,2.2152387821338415
"St. Louis, MO-IL",2830.0,1339700.0,2.1124132268418303
"Atlanta-Sandy Springs-Roswell, GA",6040.0,2871980.0,2.1030787122473
"Rochester, NY",1030.0,490900.0,2.0981870034630274
"Philadelphia-Camden-Wilmington, PA-NJ-DE-MD",5970.0,2868720.0,2.0810675144315236
"Bakersfield-Delano, CA",690.0,335190.0,2.058533965810436
"Panama City-Panama City Beach, FL",180.0,87870.0,2.0484807101399793
"Madison, WI",830.0,405450.0,2.0471081514366753
"Lincoln, NE",370.0,180880.0,2.0455550641309155
"Oklahoma City, OK",1350.0,669400.0,2.016731401254855
"Portland-South Portland, ME",560.0,284300.0,1.9697502638058388
"Ames, IA",110.0,56310.0,1.9534718522464927
"Baton Rouge, LA",780.0,403240.0,1.9343319115167146
"Trenton-Princeton, NJ",460.0,239220.0,1.9229161441351057
"Oshkosh-Neenah, WI",180.0,93760.0,1.9197952218430034
"Atlantic City-Hammonton, NJ",300.0,166720.0,1.7994241842610366
"Los Angeles-Long Beach-Anaheim, CA",11150.0,6199940.0,1.7984045006887164
"Lansing-East Lansing, MI",380.0,213610.0,1.7789429333832687
"Pittsburgh, PA",1950.0,1109050.0,1.7582615752220367
"Colorado Springs, CO",560.0,318850.0,1.756311745334797
"Baltimore-Columbia-Towson, MD",2350.0,1340750.0,1.7527503263099011
"Dubuque, IA",100.0,58930.0,1.6969285593076533
"Houston-Pasadena-The Woodlands, TX",5480.0,3246360.0,1.688044455944504
"Davenport-Moline-Rock Island, IA-IL",290.0,179940.0,1.6116483272201845
"Bremerton-Silverdale-Port Orchard, WA",150.0,93560.0,1.6032492518170158
"Midland, MI",60.0,37870.0,1.5843675732770002
"Corvallis, OR",60.0,38600.0,1.5544041450777202
"Santa Maria-Santa Barbara, CA",310.0,201750.0,1.5365551425030979
"Albany-Schenectady-Troy, NY",680.0,442970.0,1.535092669932501
"Detroit-Warren-Dearborn, MI",2930.0,1909060.0,1.534786753690298
"Boise City, ID",590.0,386560.0,1.5262831125827814
"Tulsa, OK",690.0,453400.0,1.521835024261138
"Harrisburg-Carlisle, PA",500.0,330750.0,1.5117157974300832
"Minneapolis-St. Paul-Bloomington, MN-WI",2920.0,1931660.0,1.511653189484692
"Worcester, MA",530.0,351970.0,1.505810154274512
"Milwaukee-Waukesha, WI",1220.0,819450.0,1.4888034657392153
"Virginia Beach-Chesapeake-Norfolk, VA-NC",1120.0,754860.0,1.4837188352807145
"Manchester-Nashua, NH",300.0,202320.0,1.4827995255041517
"Richmond, VA",960.0,652900.0,1.470362995864604
"Albuquerque, NM",590.0,401280.0,1.4702950558213717
"Ann Arbor, MI",320.0,217820.0,1.4691029290239646
"Phoenix-Mesa-Chandler, AZ",3420.0,2343250.0,1.4595113624239837
"Columbia, MO",150.0,105740.0,1.4185738604123321
"Indianapolis-Carmel-Greenwood, IN",1550.0,1096770.0,1.4132406976850205
"Cincinnati, OH-KY-IN",1510.0,1092300.0,1.382404101437334
"Nashville-Davidson--Murfreesboro--Franklin, TN",1490.0,1096500.0,1.3588691290469674
"Chicago-Naperville-Elgin, IL-IN",6070.0,4473740.0,1.356806609235226
"Columbia, SC",520.0,385940.0,1.3473596932165621
"Fort Wayne, IN",300.0,224020.0,1.3391661458798323
"Charlottesville, VA",150.0,112830.0,1.329433661260303
"Greenville-Anderson-Greer, SC",560.0,427770.0,1.3091147111765669
"Fort Collins-Loveland, CO",230.0,175790.0,1.308379316229592
"Springfield, MA",260.0,198740.0,1.3082419241219683
"Buffalo-Cheektowaga, NY",690.0,531990.0,1.297016861219196
"Cedar Rapids, IA",180.0,139240.0,1.292731973570813
"San Antonio-New Braunfels, TX",1440.0,1114520.0,1.2920360334493772
"Crestview-Fort Walton Beach-Destin, FL",160.0,124720.0,1.2828736369467606
"Casper, WY",50.0,39730.0,1.2584948401711553
"Erie, PA",150.0,119610.0,1.254075746175069
"Champaign-Urbana, IL",130.0,104620.0,1.2425922385777097
"Tampa-St. Petersburg-Clearwater, FL",1790.0,1442290.0,1.241081890604525
"Dayton-Kettering-Beavercreek, OH",450.0,373320.0,1.2054001928640308
"Palm Bay-Melbourne-Titusville, FL",290.0,242240.0,1.1971598414795244
"Green Bay, WI",200.0,171070.0,1.1691120593908926
"Kalamazoo-Portage, MI",140.0,119780.0,1.1688094840540992
"Allentown-Bethlehem-Easton, PA-NJ",430.0,370040.0,1.1620365365906389
"Orlando-Kissimmee-Sanford, FL",1620.0,1397600.0,1.1591299370349168
"Las Cruces, NM",90.0,77990.0,1.153994101807924
"Columbus, OH",1220.0,1085150.0,1.1242685343040133
"Cleveland, OH",1160.0,1036780.0,1.1188487432242136
"Santa Cruz-Watsonville, CA",110.0,98750.0,1.1139240506329113
"Louisville/Jefferson County, KY-IN",760.0,686050.0,1.1077909773340135
"Kennewick-Richland, WA",140.0,127290.0,1.0998507345431692
"Jacksonville, FL",830.0,756360.0,1.097361045005024
"Tucson, AZ",420.0,385930.0,1.0882802580778899
"Lewiston, ID-WA",30.0,27910.0,1.0748835542816195
"Waterbury-Shelton, CT",170.0,158640.0,1.0716086737266768
"Warner Robins, GA",80.0,75750.0,1.056105610561056
"Syracuse, NY",310.0,295110.0,1.050455762258141
"Logan, UT-ID",70.0,66730.0,1.0490034467256106
"Binghamton, NY",100.0,96360.0,1.03777501037775
"St. George, UT",90.0,86740.0,1.0375835831219737
"Lewiston-Auburn, ME",50.0,48280.0,1.035625517812759
"Fargo, ND-MN",150.0,147570.0,1.0164667615368976
"Florence, SC",90.0,89940.0,1.0006671114076051
"Akron, OH",320.0,320080.0,0.999750062484379
"Burlington-South Burlington, VT",120.0,121320.0,0.9891196834817012
"Tallahassee, FL",180.0,184180.0,0.9773048105114561
"Bangor, ME",70.0,71650.0,0.9769713886950454
"Iowa City, IA",90.0,92330.0,0.9747644319289506
"Evansville, IN",130.0,134960.0,0.9632483698873741
"La Crosse-Onalaska, WI-MN",80.0,83080.0,0.9629272989889263
"El Paso, TX",320.0,332330.0,0.9628983239551049
"Kansas City, MO-KS",1050.0,1093430.0,0.9602809507695966
"Winston-Salem, NC",260.0,273340.0,0.9511963122850663
"Hartford-West Hartford-East Hartford, CT",560.0,592620.0,0.9449562957713206
"Battle Creek, MI",50.0,53610.0,0.9326618168252192
"Grand Rapids-Wyoming-Kentwood, MI",520.0,561410.0,0.9262392903582053
"Bridgeport-Stamford-Danbury, CT",370.0,402330.0,0.9196430790644495
"South Bend-Mishawaka, IN-MI",120.0,131060.0,0.9156111704562796
"Jackson, MI",50.0,56310.0,0.887941751021133
"Reading, PA",150.0,171480.0,0.8747375787263821
"Pittsfield, MA",50.0,57390.0,0.8712319219376198
"Olympia-Lacey-Tumwater, WA",110.0,127360.0,0.8636934673366835
"Columbus, GA-AL",100.0,116210.0,0.8605111436193099
"Gainesville, FL",130.0,151400.0,0.8586525759577279
"Wausau, WI",60.0,70000.0,0.8571428571428571
"Kingston, NY",50.0,58400.0,0.8561643835616438
"Bismarck, ND",60.0,70140.0,0.8554319931565441
"Birmingham, AL",440.0,517920.0,0.8495520543713315
"Miami-Fort Lauderdale-West Palm Beach, FL",2360.0,2782340.0,0.8482069049792621
"Bozeman, MT",60.0,71630.0,0.8376378612313277
"Bend, OR",90.0,107570.0,0.8366644975364879
"Fayetteville-Springdale-Rogers, AR",220.0,266970.0,0.8240626287597858
"Eau Claire, WI",70.0,85190.0,0.8216926869350862
"Gulfport-Biloxi, MS",130.0,158310.0,0.8211736466426631
"Waterloo-Cedar Falls, IA",70.0,85420.0,0.8194802154062281
"Lexington-Fayette, KY",230.0,282920.0,0.8129506574296621
"Springfield, MO",180.0,222150.0,0.8102633355840648
"Wilmington, NC",150.0,186900.0,0.8025682182985554
"Lancaster, PA",200.0,250210.0,0.7993285640062349
"San Angelo, TX",40.0,50120.0,0.7980845969672786
"Kiryas Joel-Poughkeepsie-Newburgh, NY",210.0,264070.0,0.7952436853864505
"Las Vegas-Henderson-North Las Vegas, NV",890.0,1119360.0,0.7950971983990852
"Spartanburg, SC",130.0,163980.0,0.7927796072691792
"Peoria, IL",130.0,165230.0,0.7867820613690008
"Columbus, IN",40.0,50880.0,0.7861635220125787
"Grand Forks, ND-MN",40.0,51240.0,0.78064012490242
"Greeley, CO",90.0,115470.0,0.779423226812159
"Elizabethtown, KY",40.0,51330.0,0.7792713812585232
"Elkhart-Goshen, IN",100.0,128550.0,0.7779074290159471
"New Haven, CT",220.0,283810.0,0.7751664846199923
"Jefferson City, MO",60.0,78020.0,0.7690335811330429
"Kingsport-Bristol, TN-VA",90.0,117550.0,0.7656316461080391
"Lakeland-Winter Haven, FL",200.0,261610.0,0.7644967700011468
"College Station-Bryan, TX",100.0,132440.0,0.7550588945937784
"Midland, TX",90.0,119220.0,0.754906894816306
"Saginaw, MI",60.0,79670.0,0.7531065645788879
"Dalton, GA",50.0,66420.0,0.7527853056308341
"Traverse City, MI",50.0,67200.0,0.744047619047619
"Anchorage, AK",130.0,174740.0,0.7439624585097859
"Reno, NV",200.0,272970.0,0.7326812470234824
"Yuma, AZ",50.0,68990.0,0.7247427163357009
"Janesville-Beloit, WI",50.0,69210.0,0.7224389539083947
"Savannah, GA",140.0,195030.0,0.7178382812900579
"Amherst Town-Northampton, MA",50.0,70240.0,0.7118451025056948
"York-Hanover, PA",130.0,183070.0,0.71011088654613
"Tyler, TX",80.0,112810.0,0.709156989628579
"Scranton--Wilkes-Barre, PA",180.0,254190.0,0.7081317124985248
"Lawton, OK",30.0,42690.0,0.7027406886858749
"Waco, TX",90.0,129920.0,0.6927339901477833
"Corpus Christi, TX",130.0,187690.0,0.6926314667803293
"Chambersburg, PA",40.0,57940.0,0.6903693476009665
"Altoona, PA",40.0,58090.0,0.6885866758478223
"Bloomington, IN",50.0,73180.0,0.6832467887400929
"Albany, GA",40.0,58980.0,0.678195998643608
"Urban Honolulu, HI",300.0,443350.0,0.6766662907409495
"Kenosha, WI",50.0,74050.0,0.675219446320054
"Abilene, TX",50.0,74090.0,0.6748549061951681
"Blacksburg-Christiansburg-Radford, VA",50.0,74400.0,0.6720430107526882
"Niles, MI",40.0,59670.0,0.6703536115300821
"Cape Girardeau, MO-IL",30.0,44760.0,0.6702412868632708
"Greensboro-High Point, NC",240.0,358650.0,0.6691760769552488
"Sioux City, IA-NE-SD",50.0,75270.0,0.6642752756742394
"Sheboygan, WI",40.0,60670.0,0.6593044338223175
"Charleston, WV",70.0,106820.0,0.6553079947575361
"Amarillo, TX",80.0,122390.0,0.6536481738704142
"Augusta-Richmond County, GA-SC",150.0,229650.0,0.6531678641410843
"Appleton, WI",80.0,123920.0,0.6455777921239509
"Hickory-Lenoir-Morganton, NC",100.0,155050.0,0.6449532408900355
"Barnstable Town, MA",60.0,93510.0,0.6416426050689765
"Macon-Bibb County, GA",60.0,95070.0,0.6311139160618492
"Terre Haute, IN",40.0,64580.0,0.6193868070610096
"Lynchburg, VA",60.0,97210.0,0.6172204505709289
"Greenville, NC",50.0,81410.0,0.6141751627564181
"Flagstaff, AZ",40.0,65850.0,0.6074411541381929
"Grand Junction, CO",40.0,66890.0,0.5979967110180894
"Knoxville, TN",250.0,418120.0,0.5979144743135942
"Glens Falls, NY",30.0,50290.0,0.5965400676078744
"Chattanooga, TN-GA",160.0,269330.0,0.5940667582519585
"Dover, DE",40.0,68450.0,0.5843681519357194
"Springfield, IL",60.0,102720.0,0.5841121495327103
"Pensacola-Ferry Pass-Brent, FL",110.0,188880.0,0.5823803473104617
"State College, PA",40.0,68760.0,0.5817335660267597
"Riverside-San Bernardino-Ontario, CA",980.0,1695430.0,0.5780244539733284
"Joplin, MO-KS",50.0,86790.0,0.5761032377001959
"Redding, CA",40.0,69620.0,0.5745475438092502
"Laredo, TX",60.0,106130.0,0.5653443889569396
"Duluth, MN-WI",70.0,124530.0,0.5621135469364812
"Toledo, OH",160.0,291660.0,0.5485839676335459
"Spokane-Spokane Valley, WA",140.0,255370.0,0.5482241453577162
"Santa Rosa-Petaluma, CA",110.0,204980.0,0.5366377207532442
"Cape Coral-Fort Myers, FL",160.0,300380.0,0.5326586323989613
"Wichita Falls, TX",30.0,56710.0,0.5290072297654734
"Fayetteville, NC",70.0,132690.0,0.5275454065867812
"Flint, MI",70.0,133920.0,0.522700119474313
"Racine-Mount Pleasant, WI",40.0,76560.0,0.5224660397074191
"Chico, CA",40.0,78260.0,0.5111167901865576
"Longview, TX",60.0,117650.0,0.509987250318742
"Napa, CA",40.0,78480.0,0.5096839959225281
"Eugene-Springfield, OR",80.0,157600.0,0.5076142131979696
"Beaumont-Port Arthur, TX",80.0,158920.0,0.5033979360684622
"Rockford, IL",70.0,139310.0,0.5024764912784437
"San Luis Obispo-Paso Robles, CA",60.0,121040.0,0.49570389953734306
"Lafayette-West Lafayette, IN",50.0,102060.0,0.48990789731530465
"Vallejo, CA",70.0,142930.0,0.4897502273840342
"Gainesville, GA",50.0,102560.0,0.4875195007800312
"Lubbock, TX",80.0,165480.0,0.48344210780759006
"Roanoke, VA",70.0,152120.0,0.4601630291874836
"Medford, OR",40.0,88610.0,0.451416318699921
"Bellingham, WA",40.0,90970.0,0.4397053973837529
"New Orleans-Metairie, LA",190.0,441250.0,0.43059490084985835
"Salem, OR",80.0,186340.0,0.4293227433723302
"Montgomery, AL",70.0,163140.0,0.42907931837685426
"Little Rock-North Little Rock-Conway, AR",150.0,352900.0,0.42504958911873053
"Killeen-Temple, TX",60.0,148640.0,0.40365984930032295
"Memphis, TN-MS-AR",250.0,620100.0,0.40316078051927107
"Norwich-New London-Willimantic, CT",50.0,124550.0,0.4014452027298274
"Clarksville, TN-KY",40.0,100910.0,0.39639282528986225
"Fresno, CA",180.0,470480.0,0.38258799523890497
"Hagerstown-Martinsburg, MD-WV",40.0,105920.0,0.3776435045317221
"Asheville, NC",70.0,187430.0,0.3734727631649149
"Canton-Massillon, OH",60.0,165140.0,0.36332808526099064
"Stockton-Lodi, CA",100.0,286420.0,0.3491376300537672
"McAllen-Edinburg-Mission, TX",100.0,290580.0,0.34413930759171313
"Ocala, FL",40.0,118840.0,0.3365870077415012
"Deltona-Daytona Beach-Ormond Beach, FL",70.0,217920.0,0.3212187958883994
"Billings, MT",30.0,93790.0,0.31986352489604436
"Youngstown-Warren, OH",50.0,160480.0,0.3115653040877368
"Modesto, CA",60.0,194560.0,0.30838815789473684
"Jackson, MS",80.0,268750.0,0.29767441860465116
"Mobile, AL",50.0,169130.0,0.295630580027198
"Visalia, CA",50.0,170070.0,0.2939965896395602
"Naples-Marco Island, FL",50.0,171160.0,0.2921243281140453
"Huntington-Ashland, WV-KY-OH",40.0,140160.0,0.28538812785388123
"Myrtle Beach-Conway-North Myrtle Beach, SC",40.0,144400.0,0.2770083102493075
"Salinas, CA",50.0,186110.0,0.26865832034818116
"Port St. Lucie, FL",40.0,167590.0,0.23867772540127694
"Wichita, KS",60.0,306950.0,0.19547157517510994
"San Juan-Bayamon-Caguas, PR",80.0,691660.0,0.1156637654338837
"Salt Lake City-Murray, UT",80.0,816680.0,0.09795758436596953
"North Port-Bradenton-Sarasota, FL",0.0,334550.0,0.0
"Hilton Head Island-Bluffton-Port Royal, SC",0.0,81820.0,0.0
