area_title,ai_emp_24,total_emp_24,ai_per_1000_24,ai_emp_25,total_emp_25,ai_per_1000_25,delta_emp,pct_change_emp,delta_per_1000
"New York-Newark-Jersey City, NY-NJ",21240.0,9363020.0,2.2684988390497938,25260.0,9492000.0,2.661188369152971,4020.0,18.926553672316384,0.3926895301031772
"Washington-Arlington-Alexandria, DC-VA-MD-WV",11680.0,3118630.0,3.745234285567701,12680.0,3136190.0,4.043122387355358,1000.0,8.561643835616438,0.2978881017876569
"San Francisco-Oakland-Fremont, CA",11210.0,2405740.0,4.659688910688603,12130.0,2373920.0,5.109691986250589,920.0,8.206958073148975,0.4500030755619866
"Los Angeles-Long Beach-Anaheim, CA",11150.0,6199940.0,1.7984045006887164,10790.0,6271560.0,1.7204650836474498,-360.0,-3.2286995515695067,-0.07793941704126661
"Dallas-Fort Worth-Arlington, TX",9500.0,4003820.0,2.372734038992762,10550.0,4049800.0,2.6050669168847844,1050.0,11.052631578947368,0.23233287789202262
"Seattle-Tacoma-Bellevue, WA",8170.0,2082610.0,3.9229620524246016,9990.0,2086210.0,4.788587917803098,1820.0,22.276621787025704,0.8656258653784965
"Boston-Cambridge-Newton, MA-NH",9740.0,2707940.0,3.5968300627044916,9550.0,2703890.0,3.5319484150612634,-190.0,-1.9507186858316223,-0.06488164764322812
"Chicago-Naperville-Elgin, IL-IN",6070.0,4473740.0,1.356806609235226,8430.0,4513280.0,1.8678211854792965,2360.0,38.87973640856672,0.5110145762440705
"San Jose-Sunnyvale-Santa Clara, CA",8760.0,1134660.0,7.72037438527841,8270.0,1134970.0,7.286536208005498,-490.0,-5.5936073059360725,-0.43383817727291163
"Atlanta-Sandy Springs-Roswell, GA",6040.0,2871980.0,2.1030787122473,6930.0,2889670.0,2.398197718078535,890.0,14.735099337748345,0.2951190058312352
"Philadelphia-Camden-Wilmington, PA-NJ-DE-MD",5970.0,2868720.0,2.0810675144315236,6830.0,2897830.0,2.3569360521493667,860.0,14.40536013400335,0.27586853771784314
"Denver-Aurora-Centennial, CO",4940.0,1618390.0,3.0524162902637806,4670.0,1609350.0,2.901792649206201,-270.0,-5.465587044534413,-0.15062364105757942
"Charlotte-Concord-Gastonia, NC-SC",3990.0,1340800.0,2.9758353221957043,4530.0,1358370.0,3.334879303871552,540.0,13.533834586466165,0.3590439816758475
"San Diego-Chula Vista-Carlsbad, CA",4120.0,1533290.0,2.687032459612989,4510.0,1538060.0,2.932265321248846,390.0,9.466019417475728,0.245232861635857
"Houston-Pasadena-The Woodlands, TX",5480.0,3246360.0,1.688044455944504,4440.0,3289720.0,1.349658937538757,-1040.0,-18.97810218978102,-0.33838551840574693
"Austin-Round Rock-San Marcos, TX",3440.0,1260220.0,2.729682118995096,4030.0,1293690.0,3.115120314758559,590.0,17.151162790697676,0.38543819576346294
"Detroit-Warren-Dearborn, MI",2930.0,1909060.0,1.534786753690298,3960.0,1904530.0,2.079253149070899,1030.0,35.153583617747444,0.5444663953806013
"Phoenix-Mesa-Chandler, AZ",3420.0,2343250.0,1.4595113624239837,3640.0,2375760.0,1.5321412937333736,220.0,6.432748538011696,0.07262993130938988
"Minneapolis-St. Paul-Bloomington, MN-WI",2920.0,1931660.0,1.511653189484692,3280.0,1951650.0,1.6806292111802834,360.0,12.32876712328767,0.16897602169559134
"Miami-Fort Lauderdale-West Palm Beach, FL",2360.0,2782340.0,0.8482069049792621,3150.0,2819940.0,1.117045043511564,790.0,33.47457627118644,0.2688381385323019
"Salt Lake City-Murray, UT",80.0,816680.0,0.09795758436596953,2970.0,826210.0,3.594727732658767,2890.0,3612.5,3.4967701482927978
"Sacramento-Roseville-Folsom, CA",2660.0,1066390.0,2.4943969842177816,2850.0,1080590.0,2.63744806078161,190.0,7.142857142857142,0.14305107656382843
"St. Louis, MO-IL",2830.0,1339700.0,2.1124132268418303,2740.0,1341320.0,2.0427638445710192,-90.0,-3.180212014134275,-0.06964938227081108
"Portland-Vancouver-Hillsboro, OR-WA",2740.0,1213760.0,2.257447930398102,2360.0,1208410.0,1.9529795350915666,-380.0,-13.86861313868613,-0.30446839530653547
"Pittsburgh, PA",1950.0,1109050.0,1.7582615752220367,2320.0,1114490.0,2.081669642616802,370.0,18.974358974358974,0.32340806739476546
"Raleigh-Cary, NC",1940.0,723590.0,2.681076300114706,2270.0,743120.0,3.054688341048552,330.0,17.010309278350515,0.37361204093384615
"Baltimore-Columbia-Towson, MD",2350.0,1340750.0,1.7527503263099011,2160.0,1356680.0,1.592121944747472,-190.0,-8.085106382978724,-0.1606283815624292
"Indianapolis-Carmel-Greenwood, IN",1550.0,1096770.0,1.4132406976850205,2000.0,1105170.0,1.8096763393867006,450.0,29.03225806451613,0.3964356417016801
"Tampa-St. Petersburg-Clearwater, FL",1790.0,1442290.0,1.241081890604525,1850.0,1447120.0,1.2784012383216319,60.0,3.35195530726257,0.03731934771710699
"Cincinnati, OH-KY-IN",1510.0,1092300.0,1.382404101437334,1730.0,1101030.0,1.5712560057400797,220.0,14.56953642384106,0.18885190430274568
"San Antonio-New Braunfels, TX",1440.0,1114520.0,1.2920360334493772,1730.0,1126880.0,1.5352122674996451,290.0,20.13888888888889,0.2431762340502679
"Orlando-Kissimmee-Sanford, FL",1620.0,1397600.0,1.1591299370349168,1690.0,1411730.0,1.1971127623554079,70.0,4.320987654320987,0.03798282532049102
"Providence-Warwick, RI-MA",1710.0,706440.0,2.420587735688806,1680.0,714120.0,2.3525457906234246,-30.0,-1.7543859649122806,-0.06804194506538153
"Columbus, OH",1220.0,1085150.0,1.1242685343040133,1480.0,1105580.0,1.3386638687385806,260.0,21.311475409836063,0.21439533443456726
"Durham-Chapel Hill, NC",1620.0,342530.0,4.7295127434093365,1410.0,344020.0,4.098598918667519,-210.0,-12.962962962962962,-0.6309138247418176
"Kansas City, MO-KS",1050.0,1093430.0,0.9602809507695966,1380.0,1096110.0,1.2589977283301859,330.0,31.428571428571427,0.29871677756058923
"Oklahoma City, OK",1350.0,669400.0,2.016731401254855,1380.0,677680.0,2.0363593436430176,30.0,2.2222222222222223,0.019627942388162456
"Nashville-Davidson--Murfreesboro--Franklin, TN",1490.0,1096500.0,1.3588691290469674,1360.0,1099300.0,1.237150914218139,-130.0,-8.724832214765101,-0.1217182148288285
"Cleveland, OH",1160.0,1036780.0,1.1188487432242136,1300.0,1031130.0,1.2607527663825122,140.0,12.068965517241379,0.14190402315829864
"Madison, WI",830.0,405450.0,2.0471081514366753,1290.0,408070.0,3.161222339304531,460.0,55.42168674698795,1.1141141878678558
"Rochester, NY",1030.0,490900.0,2.0981870034630274,1240.0,494280.0,2.508699522537833,210.0,20.388349514563107,0.41051251907480557
"Des Moines-West Des Moines, IA",1320.0,405130.0,3.25821341297855,1240.0,404130.0,3.0683196001286714,-80.0,-6.0606060606060606,-0.1898938128498786
"Virginia Beach-Chesapeake-Norfolk, VA-NC",1120.0,754860.0,1.4837188352807145,1230.0,763060.0,1.6119309097580794,110.0,9.821428571428571,0.12821207447736493
"Richmond, VA",960.0,652900.0,1.470362995864604,1210.0,660350.0,1.8323616264102371,250.0,26.041666666666668,0.3619986305456331
"Omaha, NE-IA",1190.0,491140.0,2.4229343975241275,1200.0,498100.0,2.4091547881951416,10.0,0.8403361344537815,-0.01377960932898592
"Las Vegas-Henderson-North Las Vegas, NV",890.0,1119360.0,0.7950971983990852,1180.0,1136960.0,1.0378553335209684,290.0,32.58426966292135,0.24275813512188316
"Riverside-San Bernardino-Ontario, CA",980.0,1695430.0,0.5780244539733284,1150.0,1716760.0,0.6698664926955428,170.0,17.346938775510203,0.09184203872221441
"Ogden, UT",1080.0,270300.0,3.9955604883462823,1120.0,271370.0,4.127206397169916,40.0,3.7037037037037033,0.13164590882363347
"Milwaukee-Waukesha, WI",1220.0,819450.0,1.4888034657392153,1080.0,820780.0,1.3158215356124663,-140.0,-11.475409836065573,-0.172981930126749
"Charleston-North Charleston, SC",860.0,388220.0,2.2152387821338415,1050.0,394170.0,2.6638252530633992,190.0,22.093023255813954,0.4485864709295577
"Albany-Schenectady-Troy, NY",680.0,442970.0,1.535092669932501,1030.0,449410.0,2.2918938163369753,350.0,51.470588235294116,0.7568011464044744
"Jacksonville, FL",830.0,756360.0,1.097361045005024,940.0,765930.0,1.227266199261029,110.0,13.253012048192772,0.12990515425600502
"Buffalo-Cheektowaga, NY",690.0,531990.0,1.297016861219196,870.0,534550.0,1.6275371808062855,180.0,26.08695652173913,0.3305203195870896
"Grand Rapids-Wyoming-Kentwood, MI",520.0,561410.0,0.9262392903582053,850.0,598260.0,1.4207869488182396,330.0,63.46153846153846,0.49454765846003435
"Provo-Orem-Lehi, UT",910.0,298460.0,3.0489847885813846,840.0,304660.0,2.757171929363881,-70.0,-7.6923076923076925,-0.29181285921750355
"Oxnard-Thousand Oaks-Ventura, CA",830.0,320180.0,2.5922918358423384,810.0,323890.0,2.500849053691068,-20.0,-2.4096385542168677,-0.09144278215127022
"Baton Rouge, LA",780.0,403240.0,1.9343319115167146,770.0,409690.0,1.8794698430520638,-10.0,-1.282051282051282,-0.054862068464650804
"Warner Robins, GA",80.0,75750.0,1.056105610561056,760.0,76050.0,9.993425378040762,680.0,850.0,8.937319767479705
"Colorado Springs, CO",560.0,318850.0,1.756311745334797,710.0,316060.0,2.24640890970069,150.0,26.785714285714285,0.4900971643658931
"Bakersfield-Delano, CA",690.0,335190.0,2.058533965810436,690.0,338230.0,2.040031930934571,0.0,0.0,-0.01850203487586466
"Greenville-Anderson-Greer, SC",560.0,427770.0,1.3091147111765669,660.0,434900.0,1.517590250632329,100.0,17.857142857142858,0.20847553945576225
"Louisville/Jefferson County, KY-IN",760.0,686050.0,1.1077909773340135,650.0,685190.0,0.9486419825157985,-110.0,-14.473684210526317,-0.1591489948182151
"Boulder, CO",740.0,195570.0,3.7838114230198907,630.0,192390.0,3.274598471854046,-110.0,-14.864864864864865,-0.5092129511658445
"Portland-South Portland, ME",560.0,284300.0,1.9697502638058388,620.0,288480.0,2.149195784803106,60.0,10.714285714285714,0.17944552099726696
"Huntsville, AL",1120.0,260190.0,4.304546677428033,620.0,266650.0,2.325145321582599,-500.0,-44.642857142857146,-1.9794013558454342
"Tulsa, OK",690.0,453400.0,1.521835024261138,600.0,458730.0,1.307958930089595,-90.0,-13.043478260869565,-0.21387609417154296
"Lansing-East Lansing, MI",380.0,213610.0,1.7789429333832687,600.0,217180.0,2.7626853301408967,220.0,57.89473684210527,0.983742396757628
"Boise City, ID",590.0,386560.0,1.5262831125827814,600.0,391790.0,1.5314326552489854,10.0,1.694915254237288,0.005149542666204043
"Trenton-Princeton, NJ",460.0,239220.0,1.9229161441351057,590.0,240190.0,2.456388692285274,130.0,28.26086956521739,0.5334725481501683
"Columbia, SC",520.0,385940.0,1.3473596932165621,590.0,394200.0,1.4967021816336885,70.0,13.461538461538462,0.14934248841712638
"Bloomington, IL",390.0,90160.0,4.32564330079858,590.0,88110.0,6.696175235501078,200.0,51.28205128205128,2.3705319347024982
"Albuquerque, NM",590.0,401280.0,1.4702950558213717,580.0,404700.0,1.4331603657029899,-10.0,-1.694915254237288,-0.037134690118381775
"Bridgeport-Stamford-Danbury, CT",370.0,402330.0,0.9196430790644495,570.0,404180.0,1.4102627542184176,200.0,54.054054054054056,0.4906196751539681
"Hartford-West Hartford-East Hartford, CT",560.0,592620.0,0.9449562957713206,560.0,599770.0,0.9336912483118529,0.0,0.0,-0.011265047459467659
"Harrisburg-Carlisle, PA",500.0,330750.0,1.5117157974300832,500.0,335010.0,1.4924927614101073,0.0,0.0,-0.01922303601997588
"Birmingham, AL",440.0,517920.0,0.8495520543713315,490.0,520290.0,0.9417824674700648,50.0,11.363636363636363,0.09223041309873325
"Worcester, MA",530.0,351970.0,1.505810154274512,490.0,349880.0,1.4004801646278724,-40.0,-7.547169811320755,-0.10532998964663953
"Allentown-Bethlehem-Easton, PA-NJ",430.0,370040.0,1.1620365365906389,490.0,377180.0,1.2991144811495838,60.0,13.953488372093023,0.13707794455894495
"Dayton-Kettering-Beavercreek, OH",450.0,373320.0,1.2054001928640308,470.0,372660.0,1.261203241560672,20.0,4.444444444444445,0.05580304869664121
"Lexington Park, MD",500.0,71670.0,6.976419701409236,450.0,70650.0,6.369426751592357,-50.0,-10.0,-0.6069929498168793
"Lincoln, NE",370.0,180880.0,2.0455550641309155,450.0,182620.0,2.464133172708356,80.0,21.62162162162162,0.4185781085774405
"Tucson, AZ",420.0,385930.0,1.0882802580778899,420.0,389630.0,1.0779457433975823,0.0,0.0,-0.01033451468030755
"Memphis, TN-MS-AR",250.0,620100.0,0.40316078051927107,410.0,611670.0,0.670296074680792,160.0,64.0,0.26713529416152093
"Ann Arbor, MI",320.0,217820.0,1.4691029290239646,390.0,219730.0,1.7749055659218131,70.0,21.875,0.3058026368978486
"Greensboro-High Point, NC",240.0,358650.0,0.6691760769552488,370.0,365410.0,1.0125612325880518,130.0,54.166666666666664,0.3433851556328029
"Atlantic City-Hammonton, NJ",300.0,166720.0,1.7994241842610366,360.0,168700.0,2.133965619442798,60.0,20.0,0.33454143518176127
"Knoxville, TN",250.0,418120.0,0.5979144743135942,360.0,424600.0,0.8478568064060292,110.0,44.0,0.249942332092435
"Syracuse, NY",310.0,295110.0,1.050455762258141,350.0,300130.0,1.1661613300902942,40.0,12.903225806451612,0.11570556783215324
"Palm Bay-Melbourne-Titusville, FL",290.0,242240.0,1.1971598414795244,340.0,245170.0,1.386792837622874,50.0,17.24137931034483,0.1896329961433496
"Peoria, IL",130.0,165230.0,0.7867820613690008,340.0,166020.0,2.0479460305987227,210.0,161.53846153846155,1.261163969229722
"Reno, NV",200.0,272970.0,0.7326812470234824,330.0,275680.0,1.197040046430644,130.0,65.0,0.46435879940716174
"El Paso, TX",320.0,332330.0,0.9628983239551049,320.0,339120.0,0.9436187780136824,0.0,0.0,-0.01927954594142245
"Utica-Rome, NY",260.0,117260.0,2.2172949002217295,310.0,118390.0,2.6184643973308557,50.0,19.230769230769234,0.4011694971091262
"Manchester-Nashua, NH",300.0,202320.0,1.4827995255041517,310.0,199560.0,1.55341751854079,10.0,3.3333333333333335,0.07061799303663818
"Winston-Salem, NC",260.0,273340.0,0.9511963122850663,300.0,271980.0,1.1030222810500772,40.0,15.384615384615385,0.15182596876501087
"Springfield, MA",260.0,198740.0,1.3082419241219683,300.0,201240.0,1.4907573047107932,40.0,15.384615384615385,0.18251538058882488
"Oshkosh-Neenah, WI",180.0,93760.0,1.9197952218430034,290.0,93750.0,3.0933333333333333,110.0,61.111111111111114,1.1735381114903298
"New Orleans-Metairie, LA",190.0,441250.0,0.43059490084985835,280.0,445550.0,0.6284367635506677,90.0,47.368421052631575,0.19784186270080933
"Fayetteville-Springdale-Rogers, AR",220.0,266970.0,0.8240626287597858,280.0,275180.0,1.0175158078348718,60.0,27.27272727272727,0.19345317907508608
"Davenport-Moline-Rock Island, IA-IL",290.0,179940.0,1.6116483272201845,280.0,180450.0,1.5516763646439458,-10.0,-3.4482758620689653,-0.05997196257623871
"Akron, OH",320.0,320080.0,0.999750062484379,270.0,319560.0,0.8449117536612842,-50.0,-15.625,-0.1548383088230948
"Fort Wayne, IN",300.0,224020.0,1.3391661458798323,270.0,225520.0,1.1972330613692799,-30.0,-10.0,-0.14193308451055242
"Santa Maria-Santa Barbara, CA",310.0,201750.0,1.5365551425030979,260.0,200760.0,1.2950787009364415,-50.0,-16.129032258064516,-0.24147644156665637
"Urban Honolulu, HI",300.0,443350.0,0.6766662907409495,250.0,446380.0,0.5600609346296876,-50.0,-16.666666666666664,-0.11660535611126188
"Green Bay, WI",200.0,171070.0,1.1691120593908926,240.0,174550.0,1.3749641936407906,40.0,20.0,0.205852134249898
"Kiryas Joel-Poughkeepsie-Newburgh, NY",210.0,264070.0,0.7952436853864505,240.0,268970.0,0.8922928207606796,30.0,14.285714285714285,0.0970491353742291
"Idaho Falls, ID",280.0,81000.0,3.4567901234567904,230.0,81840.0,2.8103616813294234,-50.0,-17.857142857142858,-0.6464284421273669
"Lexington-Fayette, KY",230.0,282920.0,0.8129506574296621,230.0,286910.0,0.8016451151929176,0.0,0.0,-0.011305542236744515
"Augusta-Richmond County, GA-SC",150.0,229650.0,0.6531678641410843,220.0,231930.0,0.948562066140646,70.0,46.666666666666664,0.2953942019995617
"Fresno, CA",180.0,470480.0,0.38258799523890497,220.0,476890.0,0.4613223175155696,40.0,22.22222222222222,0.07873432227666466
"Fort Collins-Loveland, CO",230.0,175790.0,1.308379316229592,220.0,169430.0,1.2984713450982708,-10.0,-4.3478260869565215,-0.009907971131321247
"North Port-Bradenton-Sarasota, FL",0.0,334550.0,0.0,210.0,339940.0,0.6177560746014003,210.0,inf,0.6177560746014003
"Chattanooga, TN-GA",160.0,269330.0,0.5940667582519585,200.0,268750.0,0.7441860465116279,40.0,25.0,0.15011928825966936
"Scranton--Wilkes-Barre, PA",180.0,254190.0,0.7081317124985248,200.0,255620.0,0.7824113919098662,20.0,11.11111111111111,0.07427967941134139
"Champaign-Urbana, IL",130.0,104620.0,1.2425922385777097,190.0,105500.0,1.8009478672985781,60.0,46.15384615384615,0.5583556287208684
"Columbia, MO",150.0,105740.0,1.4185738604123321,190.0,107680.0,1.764487369985141,40.0,26.666666666666668,0.345913509572809
"Springfield, MO",180.0,222150.0,0.8102633355840648,190.0,223030.0,0.8519033313903959,10.0,5.555555555555555,0.04163999580633104
"Reading, PA",150.0,171480.0,0.8747375787263821,190.0,174670.0,1.0877655006583844,40.0,26.666666666666668,0.21302792193200226
"Panama City-Panama City Beach, FL",180.0,87870.0,2.0484807101399793,190.0,90610.0,2.0968987970422694,10.0,5.555555555555555,0.0484180869022901
"Lakeland-Winter Haven, FL",200.0,261610.0,0.7644967700011468,190.0,265280.0,0.7162243667068757,-10.0,-5.0,-0.04827240329427107
"Lancaster, PA",200.0,250210.0,0.7993285640062349,190.0,252230.0,0.7532807358363398,-10.0,-5.0,-0.046047828169895055
"Gulfport-Biloxi, MS",130.0,158310.0,0.8211736466426631,190.0,158310.0,1.2001768681700462,60.0,46.15384615384615,0.3790032215273831
"Cedar Rapids, IA",180.0,139240.0,1.292731973570813,180.0,139260.0,1.2925463162429986,0.0,0.0,-0.00018565732781428146
"Iowa City, IA",90.0,92330.0,0.9747644319289506,170.0,93760.0,1.8131399317406145,80.0,88.88888888888889,0.8383754998116639
"Spartanburg, SC",130.0,163980.0,0.7927796072691792,170.0,165150.0,1.029367241901302,40.0,30.76923076923077,0.23658763463212285
"Bremerton-Silverdale-Port Orchard, WA",150.0,93560.0,1.6032492518170158,170.0,93740.0,1.8135267761894602,20.0,13.333333333333334,0.2102775243724444
"Waterbury-Shelton, CT",170.0,158640.0,1.0716086737266768,170.0,160710.0,1.0578059859374027,0.0,0.0,-0.01380268778927407
"Tallahassee, FL",180.0,184180.0,0.9773048105114561,160.0,186160.0,0.8594757198109153,-20.0,-11.11111111111111,-0.11782909070054082
"Wilmington, NC",150.0,186900.0,0.8025682182985554,160.0,191280.0,0.836470096194061,10.0,6.666666666666667,0.03390187789550558
"Savannah, GA",140.0,195030.0,0.7178382812900579,160.0,198360.0,0.8066142367412785,20.0,14.285714285714285,0.08877595545122063
"Spokane-Spokane Valley, WA",140.0,255370.0,0.5482241453577162,160.0,255820.0,0.6254397623328902,20.0,14.285714285714285,0.07721561697517398
"Crestview-Fort Walton Beach-Destin, FL",160.0,124720.0,1.2828736369467606,160.0,125050.0,1.2794882047181129,0.0,0.0,-0.0033854322286477334
"New Haven, CT",220.0,283810.0,0.7751664846199923,150.0,281410.0,0.5330300984328915,-70.0,-31.818181818181817,-0.24213638618710076
"Kennewick-Richland, WA",140.0,127290.0,1.0998507345431692,150.0,129490.0,1.1583906093134604,10.0,7.142857142857142,0.05853987477029121
"Kalamazoo-Portage, MI",140.0,119780.0,1.1688094840540992,150.0,121790.0,1.231628212496921,10.0,7.142857142857142,0.06281872844282166
"Sioux Falls, SD-MN",410.0,174730.0,2.346477422308705,150.0,178590.0,0.8399126490844951,-260.0,-63.41463414634146,-1.50656477322421
"Toledo, OH",160.0,291660.0,0.5485839676335459,150.0,291530.0,0.5145268068466367,-10.0,-6.25,-0.034057160786909235
"Erie, PA",150.0,119610.0,1.254075746175069,140.0,120480.0,1.1620185922974768,-10.0,-6.666666666666667,-0.09205715387759206
"Ithaca, NY",150.0,48030.0,3.123048094940662,140.0,47980.0,2.9178824510212586,-10.0,-6.666666666666667,-0.20516564391940317
"Binghamton, NY",100.0,96360.0,1.03777501037775,140.0,97030.0,1.4428527259610429,40.0,40.0,0.40507771558329275
"Columbus, GA-AL",100.0,116210.0,0.8605111436193099,140.0,116380.0,1.2029558343357964,40.0,40.0,0.34244469071648653
"Evansville, IN",130.0,134960.0,0.9632483698873741,140.0,135250.0,1.0351201478743068,10.0,7.6923076923076925,0.07187177798693278
"South Bend-Mishawaka, IN-MI",120.0,131060.0,0.9156111704562796,130.0,131670.0,0.9873167767904609,10.0,8.333333333333332,0.07170560633418133
"McAllen-Edinburg-Mission, TX",100.0,290580.0,0.34413930759171313,130.0,296700.0,0.4381530165149983,30.0,30.0,0.09401370892328514
"Little Rock-North Little Rock-Conway, AR",150.0,352900.0,0.42504958911873053,130.0,358210.0,0.3629156081628095,-20.0,-13.333333333333334,-0.06213398095592104
"Pensacola-Ferry Pass-Brent, FL",110.0,188880.0,0.5823803473104617,130.0,190480.0,0.6824863502729945,20.0,18.181818181818183,0.1001060029625328
"Asheville, NC",70.0,187430.0,0.3734727631649149,130.0,180620.0,0.7197431070756284,60.0,85.71428571428571,0.3462703439107135
"Cape Coral-Fort Myers, FL",160.0,300380.0,0.5326586323989613,130.0,304790.0,0.42652317989435345,-30.0,-18.75,-0.10613545250460782
"Santa Rosa-Petaluma, CA",110.0,204980.0,0.5366377207532442,130.0,205260.0,0.6333430770729805,20.0,18.181818181818183,0.09670535631973631
"York-Hanover, PA",130.0,183070.0,0.71011088654613,130.0,183590.0,0.7080995696933384,0.0,0.0,-0.002011316852791545
"Anchorage, AK",130.0,174740.0,0.7439624585097859,120.0,177050.0,0.6777746399322225,-10.0,-7.6923076923076925,-0.0661878185775634
"Olympia-Lacey-Tumwater, WA",110.0,127360.0,0.8636934673366835,120.0,130300.0,0.920951650038373,10.0,9.090909090909092,0.057258182701689475
"Jefferson City, MO",60.0,78020.0,0.7690335811330429,120.0,80220.0,1.4958863126402393,60.0,100.0,0.7268527315071964
"Flint, MI",70.0,133920.0,0.522700119474313,110.0,135040.0,0.8145734597156398,40.0,57.14285714285714,0.2918733402413267
"College Station-Bryan, TX",100.0,132440.0,0.7550588945937784,110.0,134040.0,0.8206505520740077,10.0,10.0,0.06559165748022933
"Florence, SC",90.0,89940.0,1.0006671114076051,110.0,89060.0,1.2351223894004042,20.0,22.22222222222222,0.23445527799279908
"Jackson, MS",80.0,268750.0,0.29767441860465116,110.0,270730.0,0.40630886861448673,30.0,37.5,0.10863445000983557
"Las Cruces, NM",90.0,77990.0,1.153994101807924,110.0,80000.0,1.375,20.0,22.22222222222222,0.22100589819207594
"Hickory-Lenoir-Morganton, NC",100.0,155050.0,0.6449532408900355,110.0,154090.0,0.7138685183983386,10.0,10.0,0.06891527750830317
"Killeen-Temple, TX",60.0,148640.0,0.40365984930032295,100.0,150580.0,0.6640988179041042,40.0,66.66666666666666,0.26043896860378124
"Fargo, ND-MN",150.0,147570.0,1.0164667615368976,100.0,148660.0,0.6726759047490919,-50.0,-33.33333333333333,-0.34379085678780574
"Elkhart-Goshen, IN",100.0,128550.0,0.7779074290159471,100.0,127730.0,0.7829014327096219,0.0,0.0,0.004994003693674753
"Ames, IA",110.0,56310.0,1.9534718522464927,100.0,55890.0,1.789228842368939,-10.0,-9.090909090909092,-0.16424300987755358
"Myrtle Beach-Conway-North Myrtle Beach, SC",40.0,144400.0,0.2770083102493075,100.0,146260.0,0.6837139340899768,60.0,150.0,0.40670562384066933
"Mobile, AL",50.0,169130.0,0.295630580027198,100.0,172550.0,0.5795421616922631,50.0,100.0,0.28391158166506514
"Midland, TX",90.0,119220.0,0.754906894816306,100.0,122180.0,0.8184645604845311,10.0,11.11111111111111,0.06355766566822507
"Charleston, WV",70.0,106820.0,0.6553079947575361,100.0,103450.0,0.9666505558240696,30.0,42.857142857142854,0.31134256106653346
"Springfield, IL",60.0,102720.0,0.5841121495327103,100.0,100810.0,0.9919650828290844,40.0,66.66666666666666,0.40785293329637407
"Stockton-Lodi, CA",100.0,286420.0,0.3491376300537672,100.0,289660.0,0.3452323413657391,0.0,0.0,-0.0039052886880280857
"Burlington-South Burlington, VT",120.0,121320.0,0.9891196834817012,100.0,120150.0,0.8322929671244278,-20.0,-16.666666666666664,-0.1568267163572734
"Rockford, IL",70.0,139310.0,0.5024764912784437,100.0,137650.0,0.726480203414457,30.0,42.857142857142854,0.22400371213601322
"Greeley, CO",90.0,115470.0,0.779423226812159,100.0,119540.0,0.8365400702693659,10.0,11.11111111111111,0.05711684345720691
"Waco, TX",90.0,129920.0,0.6927339901477833,100.0,129860.0,0.7700600646850454,10.0,11.11111111111111,0.07732607453726215
"Kingsport-Bristol, TN-VA",90.0,117550.0,0.7656316461080391,90.0,119560.0,0.7527601204416192,0.0,0.0,-0.012871525666419914
"Fayetteville, NC",70.0,132690.0,0.5275454065867812,90.0,131430.0,0.6847751654873316,20.0,28.57142857142857,0.15722975890055046
"La Crosse-Onalaska, WI-MN",80.0,83080.0,0.9629272989889263,90.0,84380.0,1.066603460535672,10.0,12.5,0.10367616154674575
"Beaumont-Port Arthur, TX",80.0,158920.0,0.5033979360684622,90.0,163220.0,0.5514030143364784,10.0,12.5,0.048005078268016255
"Appleton, WI",80.0,123920.0,0.6455777921239509,90.0,124230.0,0.7244626901714561,10.0,12.5,0.0788848980475052
"Eugene-Springfield, OR",80.0,157600.0,0.5076142131979696,90.0,157710.0,0.5706676811869887,10.0,12.5,0.06305346798901912
"Lubbock, TX",80.0,165480.0,0.48344210780759006,90.0,166780.0,0.5396330495263222,10.0,12.5,0.056190941718732124
"Salem, OR",80.0,186340.0,0.4293227433723302,90.0,188620.0,0.47714982504506415,10.0,12.5,0.04782708167273397
"Dubuque, IA",100.0,58930.0,1.6969285593076533,90.0,58470.0,1.539250897896357,-10.0,-10.0,-0.15767766141129624
"Deltona-Daytona Beach-Ormond Beach, FL",70.0,217920.0,0.3212187958883994,90.0,219740.0,0.40957495221625556,20.0,28.57142857142857,0.08835615632785615
"State College, PA",40.0,68760.0,0.5817335660267597,90.0,68840.0,1.3073794305636257,50.0,125.0,0.725645864536866
"Salinas, CA",50.0,186110.0,0.26865832034818116,90.0,186430.0,0.4827549214182267,40.0,80.0,0.21409660107004552
"Burlington, NC",,,,80.0,67830.0,1.1794191360754829,,,
"Kenosha, WI",50.0,74050.0,0.675219446320054,80.0,75450.0,1.0603048376408217,30.0,60.0,0.3850853913207677
"Battle Creek, MI",50.0,53610.0,0.9326618168252192,80.0,54600.0,1.465201465201465,30.0,60.0,0.5325396483762459
"Bend, OR",90.0,107570.0,0.8366644975364879,80.0,108240.0,0.7390983000739099,-10.0,-11.11111111111111,-0.097566197462578
"Saginaw, MI",60.0,79670.0,0.7531065645788879,80.0,80000.0,1.0,20.0,33.33333333333333,0.24689343542111208
"Santa Cruz-Watsonville, CA",110.0,98750.0,1.1139240506329113,80.0,98500.0,0.8121827411167513,-30.0,-27.27272727272727,-0.30174130951616007
"Macon-Bibb County, GA",60.0,95070.0,0.6311139160618492,80.0,95030.0,0.8418394191308007,20.0,33.33333333333333,0.21072550306895155
"Montgomery, AL",70.0,163140.0,0.42907931837685426,80.0,165550.0,0.48323769254001814,10.0,14.285714285714285,0.05415837416316388
"Corpus Christi, TX",130.0,187690.0,0.6926314667803293,80.0,192580.0,0.41541177692387576,-50.0,-38.46153846153847,-0.2772196898564535
"Modesto, CA",60.0,194560.0,0.30838815789473684,80.0,195230.0,0.40977308815243557,20.0,33.33333333333333,0.10138493025769874
"Greenville, NC",50.0,81410.0,0.6141751627564181,80.0,80770.0,0.9904667574594528,30.0,60.0,0.37629159470303464
"Wichita, KS",60.0,306950.0,0.19547157517510994,70.0,308570.0,0.22685290209676898,10.0,16.666666666666664,0.03138132692165904
"Amarillo, TX",80.0,122390.0,0.6536481738704142,70.0,123930.0,0.5648349874929396,-10.0,-12.5,-0.0888131863774746
"Waterloo-Cedar Falls, IA",70.0,85420.0,0.8194802154062281,70.0,84260.0,0.8307619273676715,0.0,0.0,0.011281711961443452
"Vallejo, CA",70.0,142930.0,0.4897502273840342,70.0,144130.0,0.48567265662943176,0.0,0.0,-0.004077570754602411
"Midland, MI",60.0,37870.0,1.5843675732770002,70.0,37300.0,1.8766756032171583,10.0,16.666666666666664,0.29230802994015814
"San Juan-Bayamon-Caguas, PR",80.0,691660.0,0.1156637654338837,70.0,690810.0,0.10133032237518276,-10.0,-12.5,-0.014333443058700934
"Barnstable Town, MA",60.0,93510.0,0.6416426050689765,70.0,94110.0,0.7438104345978112,10.0,16.666666666666664,0.10216782952883463
"Lynchburg, VA",60.0,97210.0,0.6172204505709289,70.0,97190.0,0.7202387076859759,10.0,16.666666666666664,0.10301825711504697
"Logan, UT-ID",70.0,66730.0,1.0490034467256106,70.0,66800.0,1.0479041916167664,0.0,0.0,-0.0010992551088442326
"Jackson, MI",50.0,56310.0,0.887941751021133,70.0,55930.0,1.2515644555694618,20.0,40.0,0.3636227045483288
"Lewiston-Auburn, ME",50.0,48280.0,1.035625517812759,70.0,47660.0,1.4687368862778012,20.0,40.0,0.4331113684650423
"Gainesville, FL",130.0,151400.0,0.8586525759577279,70.0,152670.0,0.4585052728106373,-60.0,-46.15384615384615,-0.4001473031470906
"Gainesville, GA",50.0,102560.0,0.4875195007800312,70.0,103870.0,0.6739193222297102,20.0,40.0,0.18639982144967898
"Eau Claire, WI",70.0,85190.0,0.8216926869350862,70.0,86060.0,0.8133860097606321,0.0,0.0,-0.008306677174454102
"Janesville-Beloit, WI",50.0,69210.0,0.7224389539083947,70.0,69870.0,1.0018605982539,20.0,40.0,0.2794216443455052
"Lafayette-West Lafayette, IN",50.0,102060.0,0.48990789731530465,70.0,102200.0,0.684931506849315,20.0,40.0,0.19502360953401038
"Norwich-New London-Willimantic, CT",50.0,124550.0,0.4014452027298274,60.0,126450.0,0.47449584816132856,10.0,20.0,0.07305064543150114
"Blacksburg-Christiansburg-Radford, VA",50.0,74400.0,0.6720430107526882,60.0,74070.0,0.8100445524503848,10.0,20.0,0.13800154169769652
"Corvallis, OR",60.0,38600.0,1.5544041450777202,60.0,38550.0,1.556420233463035,0.0,0.0,0.0020160883853148626
"San Luis Obispo-Paso Robles, CA",60.0,121040.0,0.49570389953734306,60.0,122020.0,0.491722668415014,0.0,0.0,-0.003981231122329065
"Traverse City, MI",50.0,67200.0,0.744047619047619,60.0,68440.0,0.8766803039158387,10.0,20.0,0.13263268486821977
"Hilton Head Island-Bluffton-Port Royal, SC",0.0,81820.0,0.0,60.0,81920.0,0.732421875,60.0,inf,0.732421875
"Joplin, MO-KS",50.0,86790.0,0.5761032377001959,60.0,87190.0,0.6881523110448446,10.0,20.0,0.11204907334464875
"Winchester, VA-WV",,,,60.0,67740.0,0.8857395925597874,,,
"Longview, TX",60.0,117650.0,0.509987250318742,60.0,118060.0,0.5082161612739284,0.0,0.0,-0.0017710890448136007
"Redding, CA",40.0,69620.0,0.5745475438092502,60.0,71550.0,0.8385744234800838,20.0,50.0,0.2640268796708336
"Canton-Massillon, OH",60.0,165140.0,0.36332808526099064,60.0,163080.0,0.36791758646063283,0.0,0.0,0.0045895011996421875
"St. George, UT",90.0,86740.0,1.0375835831219737,60.0,90500.0,0.6629834254143647,-30.0,-33.33333333333333,-0.374600157707609
"Bangor, ME",70.0,71650.0,0.9769713886950454,60.0,72270.0,0.8302200083022001,-10.0,-14.285714285714285,-0.1467513803928453
"Laredo, TX",60.0,106130.0,0.5653443889569396,50.0,109370.0,0.45716375605741977,-10.0,-16.666666666666664,-0.10818063289951985
"Huntington-Ashland, WV-KY-OH",40.0,140160.0,0.28538812785388123,50.0,140740.0,0.35526502771067214,10.0,25.0,0.06987689985679091
"Yuma, AZ",50.0,68990.0,0.7247427163357009,50.0,68880.0,0.7259001161440186,0.0,0.0,0.0011573998083177495
"Terre Haute, IN",40.0,64580.0,0.6193868070610096,50.0,65120.0,0.7678132678132678,10.0,25.0,0.14842646075225818
"Sumter, SC",,,,50.0,34560.0,1.446759259259259,,,
"Tuscaloosa, AL",,,,50.0,108460.0,0.4609994468006638,,,
"Pittsfield, MA",50.0,57390.0,0.8712319219376198,50.0,56810.0,0.8801267382503081,0.0,0.0,0.008894816312688292
"Bozeman, MT",60.0,71630.0,0.8376378612313277,50.0,72210.0,0.6924248719013987,-10.0,-16.666666666666664,-0.145212989329929
"Dalton, GA",50.0,66420.0,0.7527853056308341,50.0,65300.0,0.7656967840735069,0.0,0.0,0.012911478442672819
"Niles, MI",40.0,59670.0,0.6703536115300821,50.0,59970.0,0.8337502084375521,10.0,25.0,0.16339659690747
"Bloomington, IN",50.0,73180.0,0.6832467887400929,50.0,73240.0,0.6826870562534134,0.0,0.0,-0.0005597324866795095
"Clarksville, TN-KY",40.0,100910.0,0.39639282528986225,50.0,103220.0,0.48440224762642903,10.0,25.0,0.08800942233656678
"Naples-Marco Island, FL",50.0,171160.0,0.2921243281140453,50.0,173880.0,0.28755463538072235,0.0,0.0,-0.004569692733322972
"Racine-Mount Pleasant, WI",40.0,76560.0,0.5224660397074191,50.0,76280.0,0.6554798112218144,10.0,25.0,0.1330137715143953
"Prescott Valley-Prescott, AZ",,,,50.0,72300.0,0.6915629322268326,,,
"Flagstaff, AZ",40.0,65850.0,0.6074411541381929,50.0,66610.0,0.7506380423359856,10.0,25.0,0.14319688819779275
"Hagerstown-Martinsburg, MD-WV",40.0,105920.0,0.3776435045317221,50.0,107170.0,0.4665484743864888,10.0,25.0,0.0889049698547667
"Duluth, MN-WI",70.0,124530.0,0.5621135469364812,50.0,124710.0,0.40093015796648224,-20.0,-28.57142857142857,-0.16118338896999895
"Lafayette, LA",,,,50.0,179570.0,0.2784429470401515,,,
"Wausau, WI",60.0,70000.0,0.8571428571428571,50.0,69530.0,0.7191140514885661,-10.0,-16.666666666666664,-0.138028805654291
"Albany, GA",40.0,58980.0,0.678195998643608,50.0,58390.0,0.8563110121596165,10.0,25.0,0.17811501351600845
"Altoona, PA",40.0,58090.0,0.6885866758478223,50.0,58650.0,0.8525149190110827,10.0,25.0,0.16392824316326038
"Billings, MT",30.0,93790.0,0.31986352489604436,50.0,93800.0,0.5330490405117271,20.0,66.66666666666666,0.21318551561568272
"Youngstown-Warren, OH",50.0,160480.0,0.3115653040877368,50.0,160160.0,0.31218781218781216,0.0,0.0,0.0006225081000753585
"Bismarck, ND",60.0,70140.0,0.8554319931565441,50.0,71270.0,0.7015574575557738,-10.0,-16.666666666666664,-0.15387453560077025
"Harrisonburg, VA",,,,40.0,65460.0,0.6110601894286587,,,
"Williamsport, PA",,,,40.0,49510.0,0.8079175924055746,,,
"Amherst Town-Northampton, MA",50.0,70240.0,0.7118451025056948,40.0,65670.0,0.6091061367443277,-10.0,-20.0,-0.1027389657613671
"Visalia, CA",50.0,170070.0,0.2939965896395602,40.0,171140.0,0.23372677340189318,-10.0,-20.0,-0.06026981623766703
"Kingston, NY",50.0,58400.0,0.8561643835616438,40.0,59140.0,0.6763611768684478,-10.0,-20.0,-0.17980320669319605
"Abilene, TX",50.0,74090.0,0.6748549061951681,40.0,75070.0,0.5328360197149328,-10.0,-20.0,-0.1420188864802353
"Grand Junction, CO",40.0,66890.0,0.5979967110180894,40.0,67170.0,0.595503945213637,0.0,0.0,-0.002492765804452346
"Fairbanks-College, AK",,,,40.0,36430.0,1.0979961570134504,,,
"Lewiston, ID-WA",30.0,27910.0,1.0748835542816195,40.0,28680.0,1.3947001394700138,10.0,33.33333333333333,0.3198165851883943
"Bellingham, WA",40.0,90970.0,0.4397053973837529,40.0,91390.0,0.437684648210964,0.0,0.0,-0.002020749172788938
"Topeka, KS",,,,40.0,115750.0,0.3455723542116631,,,
"Slidell-Mandeville-Covington, LA",,,,40.0,98240.0,0.40716612377850164,,,
"Hattiesburg, MS",,,,40.0,62230.0,0.6427767957576731,,,
"Bowling Green, KY",,,,40.0,82160.0,0.48685491723466406,,,
"Pocatello, ID",,,,40.0,38290.0,1.0446591799425438,,,
"Port St. Lucie, FL",40.0,167590.0,0.23867772540127694,40.0,170820.0,0.23416461772626157,0.0,0.0,-0.004513107675015365
"Pinehurst-Southern Pines, NC",,,,40.0,42900.0,0.9324009324009324,,,
"Muskegon-Norton Shores, MI",,,,40.0,62340.0,0.6416426050689765,,,
"Columbus, IN",40.0,50880.0,0.7861635220125787,40.0,49820.0,0.8028904054596548,0.0,0.0,0.01672688344707618
"Morgantown, WV",,,,40.0,67370.0,0.5937360843105239,,,
"Monroe, MI",,,,40.0,40740.0,0.9818360333824251,,,
"Ocala, FL",40.0,118840.0,0.3365870077415012,40.0,120980.0,0.33063316250619934,0.0,0.0,-0.005953845235301847
"Chambersburg, PA",40.0,57940.0,0.6903693476009665,40.0,60280.0,0.6635700066357001,0.0,0.0,-0.02679934096526637
"Charlottesville, VA",150.0,112830.0,1.329433661260303,40.0,114780.0,0.3484927687750479,-110.0,-73.33333333333333,-0.9809408924852552
"Chico, CA",40.0,78260.0,0.5111167901865576,40.0,78220.0,0.5113781641523907,0.0,0.0,0.00026137396583303385
"Sheboygan, WI",40.0,60670.0,0.6593044338223175,40.0,60630.0,0.6597394029358403,0.0,0.0,0.00043496911352280954
"Shreveport-Bossier City, LA",,,,40.0,162750.0,0.2457757296466974,,,
"Sierra Vista-Douglas, AZ",140.0,34120.0,4.103165298944901,40.0,33970.0,1.177509567265234,-100.0,-71.42857142857143,-2.9256557316796665
"Sioux City, IA-NE-SD",50.0,75270.0,0.6642752756742394,40.0,75010.0,0.5332622317024396,-10.0,-20.0,-0.1310130439717998
"Johnson City, TN",,,,30.0,81690.0,0.3672420124862284,,,
"Glens Falls, NY",30.0,50290.0,0.5965400676078744,30.0,50130.0,0.5984440454817475,0.0,0.0,0.0019039778738730861
"Athens-Clarke County, GA",,,,30.0,95800.0,0.31315240083507306,,,
"Napa, CA",40.0,78480.0,0.5096839959225281,30.0,77860.0,0.3853069612124326,-10.0,-25.0,-0.12437703471009554
"Daphne-Fairhope-Foley, AL",,,,30.0,87120.0,0.34435261707988984,,,
"Missoula, MT",,,,30.0,67070.0,0.4472938720739526,,,
"Muncie, IN",,,,30.0,44740.0,0.6705409029950827,,,
"Rocky Mount, NC",,,,30.0,54630.0,0.5491488193300385,,,
"Twin Falls, ID",,,,30.0,50300.0,0.5964214711729623,,,
"Rome, GA",,,,30.0,44900.0,0.6681514476614699,,,
"Roanoke, VA",70.0,152120.0,0.4601630291874836,0.0,153980.0,0.0,-70.0,-100.0,-0.4601630291874836
"Tyler, TX",80.0,112810.0,0.709156989628579,0.0,115220.0,0.0,-80.0,-100.0,-0.709156989628579
"Cape Girardeau, MO-IL",30.0,44760.0,0.6702412868632708,,,,,,
"Casper, WY",50.0,39730.0,1.2584948401711553,,,,,,
"Dover, DE",40.0,68450.0,0.5843681519357194,,,,,,
"Elizabethtown, KY",40.0,51330.0,0.7792713812585232,,,,,,
"Grand Forks, ND-MN",40.0,51240.0,0.78064012490242,,,,,,
"Lawton, OK",30.0,42690.0,0.7027406886858749,,,,,,
"Medford, OR",40.0,88610.0,0.451416318699921,,,,,,
"San Angelo, TX",40.0,50120.0,0.7980845969672786,,,,,,
"Wichita Falls, TX",30.0,56710.0,0.5290072297654734,,,,,,
